backend,executor,solver_p,preconditioner,resolution,processes,log_id,setup_time,run_time,number_of_iterations,linear_solve_p,linear_solve_u
#{'OBR_VERSION': '0.0.3', 'case': {'renumbered': False}, 'node_data': {'host': 'nla-gpu1.ianm.kit.edu\n', 'uptime': ' 03:13:40 up 13 days, 15:52,  1 user,  load average: 19.00, 23.39, 20.49\n'}}
OF,mpi,CG,none,25,1,d1cd09e7ca2bbea977e2d247d67f7fbd,2.096705,2.162837,1641,15.0,3.0
OF,mpi,BiCGStab,none,25,1,a143fe9561e69206b7d0c251c702f609,2.012709,2.232824,1289,22.0,3.0
OF,mpi,CG,none,50,1,a5b264d3c65875ca26b2bf8ad9660265,2.128911,2.778593,3375,78.0,7.0
OF,mpi,BiCGStab,none,50,1,ab0a1d673fbcd633dc3c9231f0c03077,2.18241,3.048076,2733,106.0,8.0
OF,mpi,CG,none,75,1,25337252f530fce6538571917486e76e,2.509846,4.320079,5136,196.0,18.0
OF,mpi,BiCGStab,none,75,1,b4f26f6710cc683658cd95f9e9bc3464,2.74051,5.810477,4191,367.0,21.0
OF,mpi,CG,none,100,1,416dadffe3a22524a3567f0c467ed47c,7.6328,9.890276,6759,634.0,46.0
OF,mpi,BiCGStab,none,100,1,026e733aab74114d0deb99d82b04dae5,4.294878,14.764577,5360,1003.0,44.0
