backend,executor,solver_p,preconditioner,resolution,processes,log_id,setup_time,run_time,number_of_iterations,linear_solve_p,linear_solve_u
#{'OBR_VERSION': '0.0.3', 'case': {'renumbered': False}, 'node_data': {'host': 'uc2n361.localdomain\n', 'uptime': ' 09:31:48 up 84 days, 23:40,  0 users,  load average: 0.08, 0.63, 2.78\n'}}
OF,mpi,CG,none,25,1,0c8ebb21c8b0d55ccf468eb3a8e6bf55,7.4998,8.126306,1640,48.0,8.0
OF,mpi,BiCGStab,none,25,1,06502d1da7acd7ad99dbb26b8090f7d9,7.552682,8.607072,1249,190.0,8.0
OF,mpi,CG,none,50,1,a505bbade79b021d9b1c13ca4e5a957d,7.832428,10.126933,3278,178.0,21.0
OF,mpi,BiCGStab,none,50,1,fd954bb99f30a0670391fba8ca8527b5,8.118734,11.555389,2709,379.0,15.0
OF,mpi,CG,none,75,1,2e489a3f8d4860ab3b580927e1c05c79,9.669748,16.208112,4970,726.0,58.0
OF,mpi,BiCGStab,none,75,1,210c4e14c1ca0d45f507b33d4bbec17c,11.498717,21.762319,3969,1100.0,80.0
OF,mpi,CG,none,100,1,c86891048c7fd958e6625b4ff122fe4b,14.183224,34.591061,6698,2324.0,185.0
OF,mpi,BiCGStab,none,100,1,58eb9cec5eaa72265e142ceba67f79d6,18.735143,60.537156,5397,4550.0,150.0
