backend,executor,solver_p,preconditioner,resolution,processes,log_id,setup_time,run_time,number_of_iterations,linear_solve_p,linear_solve_u
#{'OBR_VERSION': '0.0.3', 'case': {'renumbered': False}, 'node_data': {'host': 'uc2n361.localdomain\n', 'uptime': ' 10:17:46 up 85 days, 26 min,  0 users,  load average: 9.65, 25.47, 21.01\n'}}
OF,mpi,CG,none,25,1,cb0b6df6a0ac3d64c50595aad52af0b8,3.544092,3.729133,1600,9.0,1.0
OF,mpi,BiCGStab,none,25,1,c7f752b31b1e3183264bbb2df4f544e0,3.646882,3.787726,1209,13.0,1.0
OF,mpi,CG,none,50,1,746d25151bcdb2cd6a58b20ec8e3488b,3.832745,4.154231,3279,51.0,6.0
OF,mpi,BiCGStab,none,50,1,64365b1a1e9f5066d3ac7b0d34a1e2f2,3.851063,4.512788,2638,87.0,6.0
OF,mpi,CG,none,75,1,942abb351468f169bffc62e6cdc7fde4,4.42702,7.060475,5026,263.0,34.0
OF,mpi,BiCGStab,none,75,1,0159c4dfd4ea14e2ba34ae27184ca75f,5.382006,10.609462,3783,677.0,34.0
OF,mpi,CG,none,100,1,8e6848e342be5f77c9603651a23480a1,7.270509,19.033869,6715,1352.0,101.0
OF,mpi,BiCGStab,none,100,1,75cf693a6960f43c348269d6b2e041f3,10.852228,36.686246,5262,3068.0,103.0
